7139,False
7140,True
7141,True
7142,True
7143,True
7144,True
7145,True
7146,True
7147,True
7148,False
7149,True
7150,True
7151,False
7152,True
7153,False
7154,False
7155,True
7156,True
7157,True
7158,False
7159,False
7160,False
7161,False
7162,True
7163,True
7164,True
7165,True
7166,False
7167,False
7168,True
7169,True
7170,False
7171,False
7172,True
7173,False
7174,False
7175,True
7176,True
7177,False
7178,True
7179,True
7180,False
7181,True
7182,True
7183,False
7184,True
7185,True
7186,False
7187,True
7188,False
7189,False
7190,False
7191,True
7192,False
7193,True
7194,True
7195,False
7196,False
7197,True
7198,True
7199,True
7200,False
7201,False
7202,False
7203,True
7204,True
7205,True
7206,True
7207,True
7208,True
7209,True
7210,True
7211,True
7212,False
7213,True
7214,False
7215,True
7216,False
7217,False
7218,True
7219,False
7220,True
7221,False
7222,False
7223,False
7224,True
7225,True
7226,True
7227,False
7228,True
7229,False
7230,False
7231,True
7232,True
7233,True
7234,True
7235,True
7236,True
7237,True
7238,True
7239,False
7240,False
7241,True
7242,False
7243,True
7244,True
7245,True
7246,True
7247,True
7248,False
7249,False
7250,False
7251,False
7252,True
7253,False
7254,True
7255,True
7256,True
7257,True
7258,True
7259,False
7260,True
7261,False
7262,True
7263,False
7264,False
7265,True
7266,False
7267,False
7268,True
7269,False
7270,False
7271,True
7272,True
7273,True
7274,True
7275,True
7276,True
7277,True
7278,True
7279,True
7280,False
7281,False
7282,True
7283,False
7284,False
7285,False
7286,False
7287,False
7288,False
7289,False
7290,True
7291,True
7292,True
7293,False
7294,True
7295,False
7296,True
7297,False
7298,False
7299,True
7300,False
7301,False
7302,True
7303,True
7304,False
7305,False
7306,True
7307,False
7308,False
7309,True
7310,True
7311,False
7312,True
7313,True
7314,True
7315,True
7316,False
7317,False
7318,False
7319,True
7320,True
7321,True
7322,False
7323,True
7324,False
7325,False
7326,False
7327,True
7328,False
7329,True
7330,False
7331,False
7332,False
7333,True
7334,True
7335,False
7336,False
7337,True
7338,False
7339,True
7340,False
7341,True
7342,False
7343,True
7344,False
7345,True
7346,False
7347,False
7348,False
7349,False
7350,True
7351,True
7352,False
7353,True
7354,False
7355,False
7356,True
7357,False
7358,False
7359,True
7360,True
7361,True
7362,False
7363,False
7364,True
7365,False
7366,False
7367,True
7368,False
7369,True
7370,False
7371,True
7372,False
7373,True
7374,True
7375,False
7376,False
7377,False
7378,True
7379,False
7380,False
7381,False
7382,True
7383,False
7384,False
7385,True
7386,False
7387,True
7388,False
7389,False
7390,True
7391,True
7392,False
7393,True
7394,False
7395,False
7396,True
7397,True
7398,False
7399,True
7400,False
7401,True
7402,True
7403,False
7404,True
7405,True
7406,False
7407,False
7408,False
7409,False
7410,True
7411,True
7412,False
7413,True
7414,True
7415,False
7416,True
7417,False
7418,False
7419,True
7420,False
7421,False
7422,True
7423,False
7424,False
7425,True
7426,False
7427,False
7428,True
7429,True
7430,False
7431,True
7432,True
7433,True
7434,True
7435,False
7436,False
7437,True
7438,False
7439,False
7440,False
7441,True
7442,False
7443,True
7444,True
7445,True
7446,True
7447,False
7448,True
7449,True
7450,True
7451,True
7452,False
7453,True
7454,True
7455,True
7456,True
7457,True
7458,True
7459,True
7460,False
7461,True
7462,False
7463,True
7464,True
7465,False
7466,True
7467,False
7468,True
7469,True
7470,True
7471,False
7472,True
7473,False
7474,False
7475,True
7476,False
7477,True
7478,False
7479,False
7480,True
7481,False
7482,True
7483,True
7484,False
7485,False
7486,False
7487,False
7488,False
7489,False
7490,False
7491,True
7492,True
7493,True
7494,True
7495,True
7496,True
7497,False
7498,False
7499,True
7500,True
7501,False
7502,True
7503,True
7504,False
7505,False
7506,True
7507,True
7508,False
7509,False
7510,False
7511,False
7512,True
7513,False
7514,True
7515,False
7516,True
7517,True
7518,True
7519,False
7520,False
7521,True
7522,True
7523,True
7524,False
7525,False
7526,False
7527,False
7528,False
7529,False
7530,False
7531,True
7532,True
7533,True
7534,False
7535,True
7536,False
7537,False
7538,True
7539,True
7540,True
7541,False
7542,False
7543,False
7544,True
7545,True
7546,False
7547,True
7548,True
7549,False
7550,True
7551,True
7552,False
7553,True
7554,True
7555,True
7556,True
7557,True
7558,True
7559,False
7560,False
7561,False
7562,True
7563,True
7564,False
7565,True
7566,True
7567,True
7568,False
7569,False
7570,False
7571,False
7572,True
7573,True
7574,True
7575,False
7576,True
7577,True
7578,False
7579,True
7580,False
7581,False
7582,True
7583,False
7584,True
7585,False
7586,False
7587,False
7588,True
7589,True
7590,True
7591,False
7592,True
7593,False
7594,False
7595,True
7596,True
7597,True
7598,False
7599,False
7600,False
7601,True
7602,False
7603,True
7604,False
7605,True
7606,False
7607,True
7608,True
7609,True
7610,False
7611,True
7612,True
7613,True
7614,False
7615,True
7616,True
7617,True
7618,True
7619,True
7620,True
7621,False
7622,False
7623,False
7624,True
7625,False
7626,False
7627,True
7628,False
7629,True
7630,False
7631,True
7632,False
7633,True
7634,True
7635,True
7636,True
7637,False
7638,False
7639,False
7640,True
7641,False
7642,True
7643,True
7644,True
7645,False
7646,True
7647,False
7648,False
7649,True
7650,True
7651,False
7652,True
7653,False
7654,False
7655,True
7656,True
7657,False
7658,False
7659,False
7660,True
7661,False
7662,False
7663,True
7664,False
7665,False
7666,True
7667,True
7668,True
7669,False
7670,False
7671,True
7672,True
7673,False
7674,True
7675,False
7676,False
7677,False
7678,True
7679,True
7680,True
7681,True
7682,True
7683,True
7684,False
7685,True
7686,True
7687,True
7688,True
7689,True
7690,True
7691,False
7692,False
7693,True
7694,True
7695,True
7696,True
7697,False
7698,False
7699,True
7700,True
7701,True
7702,False
7703,False
7704,False
7705,False
7706,False
7707,False
7708,True
7709,False
7710,False
7711,True
7712,False
7713,False
7714,False
7715,False
7716,True
7717,False
7718,True
7719,True
7720,False
7721,True
7722,True
7723,False
7724,True
7725,False
7726,True
7727,False
7728,False
7729,True
7730,False
7731,True
7732,True
7733,False
7734,True
7735,False
7736,True
7737,False
7738,False
7739,False
7740,True
7741,False
7742,True
7743,False
7744,True
7745,False
7746,False
7747,True
7748,False
7749,True
7750,True
7751,True
7752,True
7753,True
7754,True
7755,False
7756,False
7757,True
7758,True
7759,True
7760,True
7761,False
7762,False
7763,True
7764,True
7765,True
7766,True
7767,True
7768,True
7769,False
7770,True
7771,False
7772,True
7773,False
7774,False
7775,True
7776,True
7777,False
7778,False
7779,True
7780,True
7781,False
7782,False
7783,True
7784,True
7785,False
7786,True
7787,False
7788,False
7789,True
7790,True
7791,True
7792,True
7793,True
7794,True
7795,True
7796,False
7797,True
7798,False
7799,True
7800,False
7801,True
7802,False
7803,False
7804,True
7805,True
7806,True
7807,True
7808,True
7809,True
7810,False
7811,False
7812,False
7813,False
7814,False
7815,False
7816,False
7817,True
7818,True
7819,True
7820,True
7821,False
7822,True
7823,True
7824,True
7825,True
7826,True
7827,False
7828,True
7829,True
7830,True
7831,False
7832,True
7833,False
7834,False
7835,True
7836,False
7837,True
7838,True
7839,True
7840,True
7841,True
7842,False
7843,True
7844,True
7845,False
7846,True
7847,True
7848,False
7849,False
7850,False
7851,False
7852,False
7853,True
7854,True
7855,True
7856,True
7857,True
7858,True
7859,False
7860,False
7861,False
7862,True
7863,False
7864,True
7865,True
7866,False
7867,True
7868,True
7869,True
7870,True
7871,True
7872,True
7873,True
7874,False
7875,True
7876,False
7877,False
7878,True
7879,True
7880,True
7881,False
7882,True
7883,True
7884,True
7885,True
7886,True
7887,True
7888,True
7889,False
7890,True
7891,True
7892,True
7893,True
7894,True
7895,True
7896,False
7897,False
7898,True
7899,True
7900,True
7901,False
7902,True
7903,False
7904,False
7905,True
7906,True
7907,False
7908,True
7909,True
7910,False
7911,False
7912,False
7913,True
7914,True
7915,False
7916,False
7917,False
7918,True
7919,True
7920,False
7921,False
7922,True
7923,False
7924,True
7925,True
7926,True
7927,False
7928,True
7929,True
7930,False
7931,False
7932,True
7933,True
7934,True
7935,True
7936,True
7937,True
7938,True
7939,False
7940,True
7941,True
7942,True
7943,False
7944,True
7945,True
7946,False
7947,True
7948,False
7949,True
7950,True
7951,False
7952,True
7953,False
7954,True
7955,True
7956,False
7957,True
7958,True
7959,True
7960,True
7961,False
7962,False
7963,True
7964,True
7965,False
7966,True
7967,False
7968,True
7969,False
7970,True
7971,True
7972,False
7973,True
7974,True
7975,False
7976,True
7977,False
7978,True
7979,True
7980,False
7981,False
7982,True
7983,True
7984,True
7985,True
7986,False
7987,True
7988,True
7989,False
7990,True
7991,True
7992,True
7993,True
7994,True
7995,False
7996,False
7997,True
7998,True
7999,True
8000,False
8001,True
8002,True
8003,True
8004,False
8005,False
8006,False
8007,False
8008,False
8009,True
8010,False
8011,True
8012,True
8013,False
8014,False
8015,False
8016,True
8017,True
8018,False
8019,False
8020,False
8021,True
8022,True
8023,True
8024,False
8025,False
8026,True
8027,True
8028,True
8029,True
8030,True
8031,False
8032,False
8033,True
8034,False
8035,True
8036,False
8037,True
8038,False
8039,True
8040,False
8041,True
8042,True
8043,False
8044,True
8045,False
8046,True
8047,True
8048,True
8049,False
8050,True
8051,True
8052,True
8053,True
8054,True
8055,False
8056,True
8057,False
8058,True
8059,True
8060,True
8061,False
8062,True
8063,True
8064,True
8065,True
8066,False
8067,True
8068,False
8069,False
8070,True
8071,False
8072,True
8073,True
8074,True
8075,True
8076,False
8077,False
8078,True
8079,True
8080,False
8081,False
8082,False
8083,False
8084,False
8085,True
8086,True
8087,True
8088,True
8089,True
8090,False
8091,True
8092,True
8093,True
8094,True
8095,False
8096,False
8097,True
8098,True
8099,True
8100,False
8101,False
8102,True
8103,True
8104,True
8105,True
8106,True
8107,True
8108,True
8109,True
8110,False
8111,True
8112,True
8113,True
8114,False
8115,True
8116,False
8117,True
8118,True
8119,False
8120,False
8121,False
8122,True
8123,False
8124,True
8125,True
8126,False
8127,True
8128,True
8129,True
8130,False
8131,True
8132,True
8133,False
8134,False
8135,True
8136,True
8137,True
8138,True
8139,True
8140,True
8141,True
8142,True
8143,True
8144,True
8145,True
8146,True
8147,False
8148,True
8149,True
8150,False
8151,True
8152,False
8153,True
8154,False
8155,False
8156,True
8157,True
8158,True
8159,True
8160,False
8161,True
8162,True
8163,True
8164,True
8165,True
8166,True
8167,True
8168,True
8169,True
8170,True
8171,False
8172,False
8173,True
8174,False
8175,False
8176,True
8177,True
8178,False
8179,False
8180,True
8181,False
8182,True
8183,True
8184,True
8185,False
8186,True
8187,True
8188,False
8189,False
8190,False
8191,True
8192,True
8193,True
8194,True
8195,False
8196,True
8197,False
8198,False
8199,False
8200,False
8201,False
8202,False
8203,False
8204,False
8205,False
8206,True
8207,False
8208,False
8209,False
8210,True
8211,True
8212,True
8213,True
8214,True
8215,False
8216,True
8217,False
8218,False
8219,False
8220,False
8221,True
8222,True
8223,True
8224,True
8225,True
8226,False
8227,True
8228,True
8229,False
8230,True
8231,True
8232,True
8233,True
8234,True
8235,False
8236,True
8237,False
8238,True
8239,False
8240,True
8241,False
8242,False
8243,True
8244,True
8245,True
8246,True
8247,False
8248,False
8249,True
8250,True
8251,True
8252,False
8253,True
8254,False
8255,False
8256,False
8257,False
8258,False
8259,True
8260,True
8261,True
8262,False
8263,True
8264,False
8265,True
8266,True
8267,True
8268,False
8269,True
8270,False
8271,False
8272,True
8273,True
8274,True
8275,True
8276,False
8277,False
8278,True
8279,False
8280,False
8281,True
8282,True
8283,False
8284,True
8285,True
8286,False
8287,True
8288,False
8289,False
8290,True
8291,True
8292,True
8293,True
8294,True
8295,True
8296,False
8297,True
8298,False
8299,False
8300,True
8301,True
8302,False
8303,True
8304,False
8305,False
8306,True
8307,False
8308,True
8309,True
8310,True
8311,True
8312,False
8313,True
8314,True
8315,False
8316,False
8317,False
8318,False
8319,True
8320,True
8321,False
8322,True
8323,False
8324,False
8325,True
8326,True
8327,True
8328,False
8329,False
8330,False
8331,True
8332,True
8333,True
8334,True
8335,True
8336,False
8337,True
8338,True
8339,True
8340,False
8341,False
8342,False
8343,True
8344,True
8345,True
8346,True
8347,False
8348,True
8349,False
8350,True
8351,True
8352,True
8353,True
8354,False
8355,True
8356,True
8357,True
8358,True
8359,True
8360,True
8361,False
8362,True
8363,False
8364,False
8365,True
8366,False
8367,False
8368,True
8369,False
8370,True
8371,True
8372,True
8373,False
8374,True
8375,False
8376,False
8377,False
8378,True
8379,False
8380,True
8381,False
8382,False
8383,True
8384,False
8385,True
8386,False
8387,True
8388,False
8389,True
8390,False
8391,True
8392,False
8393,True
8394,False
8395,False
8396,False
8397,False
8398,True
8399,True
8400,True
8401,False
8402,True
8403,True
8404,False
8405,False
8406,False
8407,False
8408,True
8409,False
8410,False
8411,True
8412,True
8413,True
8414,False
8415,True
8416,True
8417,True
8418,False
8419,False
8420,False
8421,True
8422,False
8423,False
8424,False
8425,False
8426,False
8427,False
8428,True
8429,True
8430,True
8431,True
8432,True
8433,True
8434,False
8435,True
8436,False
8437,True
8438,True
8439,False
8440,False
8441,False
8442,True
8443,True
8444,False
8445,True
8446,True
8447,True
8448,False
8449,False
8450,True
8451,False
8452,False
8453,True
8454,False
8455,True
8456,False
8457,True
8458,False
8459,False
8460,True
8461,True
8462,True
8463,True
8464,True
8465,True
8466,False
8467,False
8468,True
8469,True
8470,True
8471,True
8472,False
8473,False
8474,True
8475,True
8476,False
8477,False
8478,True
8479,False
8480,False
8481,True
8482,False
8483,True
8484,True
8485,True
8486,False
8487,False
8488,True
8489,False
8490,False
8491,True
8492,True
8493,False
8494,True
8495,True
8496,True
8497,True
8498,True
8499,True
8500,True
8501,False
8502,True
8503,True
8504,True
8505,True
8506,True
8507,False
8508,True
8509,True
8510,True
8511,True
8512,True
8513,False
8514,True
8515,True
8516,False
8517,True
8518,False
8519,True
8520,True
8521,False
8522,True
8523,False
8524,True
8525,True
8526,True
8527,True
8528,True
8529,False
8530,False
8531,True
8532,True
8533,True
8534,False
8535,True
8536,True
8537,True
8538,True
8539,False
8540,False
8541,True
8542,True
8543,True
8544,False
8545,True
8546,True
8547,True
8548,True
8549,False
8550,True
8551,False
8552,True
8553,False
8554,True
8555,False
8556,True
8557,True
8558,False
8559,False
8560,True
8561,True
8562,False
8563,True
8564,True
8565,False
8566,False
8567,False
8568,True
8569,True
8570,True
8571,True
8572,True
8573,True
8574,True
8575,True
8576,False
8577,True
8578,False
8579,True
8580,True
8581,False
8582,False
8583,True
8584,True
8585,True
8586,False
8587,False
8588,False
8589,True
8590,True
8591,True
8592,False
8593,True
8594,True
8595,True
8596,False
8597,False
8598,True
8599,True
8600,True
8601,False
8602,False
8603,True
8604,True
8605,False
8606,False
8607,True
8608,True
8609,True
8610,True
8611,True
8612,True
8613,False
8614,True
8615,True
8616,True
8617,False
8618,True
8619,False
8620,True
8621,False
8622,True
8623,True
8624,True
8625,True
8626,False
8627,True
8628,True
8629,False
8630,True
8631,False
8632,False
8633,False
8634,True
8635,False
8636,False
8637,True
8638,False
8639,True
8640,True
8641,False
8642,True
8643,True
8644,False
8645,False
8646,True
8647,True
8648,False
8649,False
8650,False
8651,True
8652,False
8653,True
8654,True
8655,True
8656,True
8657,False
8658,True
8659,True
8660,True
8661,True
8662,False
8663,False
8664,True
8665,False
8666,True
8667,False
8668,True
8669,True
8670,True
8671,False
8672,False
8673,True
8674,False
8675,True
8676,False
8677,False
8678,False
8679,False
8680,True
8681,True
8682,True
8683,False
8684,False
8685,False
8686,True
8687,True
8688,True
8689,False
8690,False
8691,False
8692,True
8693,True
8694,True
8695,True
8696,False
8697,True
8698,True
8699,True
8700,True
8701,False
8702,True
8703,True
8704,False
8705,True
8706,False
8707,False
8708,False
8709,True
8710,True
8711,False
8712,False
8713,False
8714,True
8715,False
8716,False
8717,True
8718,True
8719,True
8720,False
8721,True
8722,True
8723,True
8724,True
8725,False
8726,False
8727,True
8728,True
8729,True
8730,False
8731,True
8732,True
8733,True
8734,True
8735,False
8736,True
8737,False
8738,True
8739,True
8740,False
8741,True
8742,True
8743,True
8744,True
8745,True
8746,True
8747,True
8748,True
8749,True
8750,False
8751,True
8752,True
8753,False
8754,False
8755,False
8756,True
8757,True
8758,True
8759,False
8760,True
8761,True
8762,False
8763,True
8764,True
8765,True
8766,True
8767,True
8768,True
8769,True
8770,True
8771,False
8772,True
8773,False
8774,True
8775,False
8776,False
8777,False
8778,True
8779,True
8780,False
8781,True
8782,False
8783,False
8784,True
8785,True
8786,True
8787,False
8788,False
8789,False
8790,True
8791,True
8792,False
8793,False
8794,True
8795,True
8796,False
8797,False
8798,True
8799,False
8800,True
8801,True
8802,False
8803,True
8804,True
8805,True
8806,False
8807,True
8808,False
8809,True
8810,False
8811,True
8812,True
8813,False
8814,False
8815,False
8816,True
8817,False
8818,False
8819,True
8820,True
8821,False
8822,True
8823,True
8824,True
8825,False
8826,True
8827,True
8828,True
8829,True
8830,True
8831,False
8832,True
8833,False
8834,True
8835,True
8836,False
8837,False
8838,False
8839,True
8840,True
8841,True
8842,False
8843,True
8844,False
8845,True
8846,True
8847,True
8848,True
8849,False
8850,True
8851,True
8852,True
8853,False
8854,False
8855,False
8856,True
8857,True
8858,True
8859,True
8860,True
8861,True
8862,True
8863,False
8864,False
8865,True
8866,False
8867,True
8868,True
8869,True
8870,False
8871,True
8872,True
8873,True
8874,False
8875,True
8876,True
8877,False
8878,False
8879,False
8880,True
8881,True
8882,True
8883,True
8884,False
8885,False
8886,True
8887,False
8888,False
8889,False
8890,True
8891,True
8892,False
8893,False
8894,False
8895,False
8896,False
8897,False
8898,True
8899,False
8900,True
8901,False
8902,True
8903,False
8904,True
8905,True
8906,False
8907,True
8908,False
8909,False
8910,True
8911,True
8912,False
8913,False
8914,False
8915,False
8916,True
8917,False
8918,True
8919,True
8920,True
8921,False
8922,False
8923,False
8924,True
8925,True
8926,True
8927,True
8928,False
8929,True
8930,False
8931,True
8932,False
8933,True
8934,False
8935,False
8936,True
8937,False
8938,False
8939,True
8940,True
8941,False
8942,True
8943,False
8944,True
8945,True
8946,True
8947,True
8948,True
8949,True
8950,True
8951,True
8952,True
8953,False
8954,True
8955,True
8956,True
8957,False
8958,False
8959,True
8960,False
8961,True
8962,False
8963,False
8964,False
8965,False
8966,False
8967,True
8968,True
8969,True
8970,True
8971,False
8972,True
8973,False
8974,True
8975,True
8976,True
8977,False
8978,True
8979,False
8980,True
8981,True
8982,True
8983,True
8984,True
8985,False
8986,True
8987,False
8988,True
8989,True
8990,True
8991,True
8992,False
8993,False
8994,False
8995,True
8996,False
8997,False
8998,False
8999,True
9000,False
9001,False
9002,True
9003,True
9004,False
9005,False
9006,True
9007,True
9008,True
9009,False
9010,True
9011,False
9012,True
9013,True
9014,False
9015,False
9016,True
9017,True
9018,False
9019,False
9020,False
9021,True
9022,True
9023,False
9024,True
9025,True
9026,True
9027,True
9028,True
9029,True
9030,True
9031,True
9032,False
9033,True
9034,False
9035,True
9036,False
9037,True
9038,True
9039,False
9040,False
9041,False
9042,False
9043,False
9044,False
9045,False
9046,True
9047,False
9048,True
9049,True
9050,True
9051,False
9052,True
9053,True
9054,True
9055,True
9056,False
9057,True
9058,True
9059,True
9060,False
9061,True
9062,True
9063,True
9064,False
9065,True
9066,True
9067,False
9068,True
9069,False
9070,True
9071,True
9072,True
9073,True
9074,True
9075,False
9076,True
9077,True
9078,True
9079,False
9080,True
9081,True
9082,True
9083,False
9084,True
9085,False
9086,True
9087,True
9088,True
9089,False
9090,True
9091,False
9092,False
9093,True
9094,True
9095,True
9096,True
9097,True
9098,True
9099,False
9100,False
9101,True
9102,True
9103,False
9104,True
9105,False
9106,False
9107,True
9108,False
9109,False
9110,True
9111,True
9112,False
9113,True
9114,False
9115,False
9116,False
9117,True
9118,True
9119,False
9120,False
9121,False
9122,True
9123,False
9124,False
9125,True
9126,True
9127,True
9128,True
9129,True
9130,False
9131,True
9132,False
9133,True
9134,True
9135,False
9136,True
9137,True
9138,False
9139,False
9140,True
9141,False
9142,True
9143,True
9144,True
9145,False
9146,True
9147,False
9148,False
9149,False
9150,False
9151,False
9152,True
9153,False
9154,True
9155,False
9156,True
9157,False
9158,False
9159,True
9160,False
9161,False
9162,True
9163,True
9164,False
9165,False
9166,False
9167,True
9168,True
9169,True
9170,True
9171,True
9172,True
9173,False
9174,True
9175,True
9176,False
9177,True
9178,False
9179,True
9180,False
9181,True
9182,False
9183,True
9184,True
9185,True
9186,True
9187,False
9188,False
9189,True
9190,False
9191,False
9192,True
9193,True
9194,False
9195,False
9196,False
9197,False
9198,False
9199,True
9200,True
9201,False
9202,False
9203,True
9204,True
9205,True
9206,True
9207,False
9208,False
9209,False
9210,True
9211,True
9212,True
9213,True
9214,True
9215,False
9216,True
9217,True
9218,False
9219,True
9220,False
9221,False
9222,True
9223,True
9224,True
9225,False
9226,False
9227,False
9228,False
9229,True
9230,True
9231,False
9232,False
9233,True
9234,False
9235,False
9236,True
9237,True
9238,False
9239,False
9240,False
9241,False
9242,False
9243,True
9244,False
9245,True
9246,True
9247,True
9248,False
9249,False
9250,True
9251,True
9252,True
9253,True
9254,False
9255,True
9256,True
9257,False
9258,True
9259,True
9260,True
9261,True
9262,True
9263,True
9264,False
9265,True
9266,True
9267,True
9268,True
9269,True
9270,False
9271,False
9272,True
9273,False
9274,True
9275,True
9276,False
9277,True
9278,True
9279,False
9280,True
9281,True
9282,True
9283,False
9284,False
9285,True
9286,True
9287,False
9288,False
9289,True
9290,True
9291,True
9292,False
9293,True
9294,False
9295,True
9296,True
9297,False
9298,True
9299,True
9300,True
9301,False
9302,True
9303,False
9304,False
9305,True
9306,True
9307,False
9308,False
9309,True
9310,True
9311,True
9312,True
9313,True
9314,False
9315,True
9316,True
9317,False
9318,True
9319,True
9320,False
9321,True
9322,True
9323,True
9324,False
9325,False
9326,False
9327,True
9328,False
9329,True
9330,True
9331,False
9332,False
9333,True
9334,True
9335,True
9336,True
9337,False
9338,True
9339,False
9340,True
9341,True
9342,True
9343,False
9344,True
9345,True
9346,True
9347,False
9348,True
9349,True
9350,True
9351,True
9352,False
9353,False
9354,False
9355,False
9356,False
9357,True
9358,True
9359,True
9360,True
9361,True
9362,False
9363,True
9364,True
9365,True
9366,True
9367,False
9368,False
9369,True
9370,True
9371,False
9372,True
9373,True
9374,False
9375,True
9376,False
9377,False
9378,False
9379,True
9380,True
9381,True
9382,False
9383,False
9384,True
9385,False
9386,True
9387,True
9388,False
9389,True
9390,True
9391,False
9392,False
9393,False
9394,False
9395,True
9396,True
9397,True
9398,False
9399,True
9400,False
9401,True
9402,True
9403,True
9404,True
9405,True
9406,False
9407,True
9408,False
9409,False
9410,True
9411,False
9412,True
9413,True
9414,True
9415,True
9416,True
9417,True
9418,False
9419,False
9420,False
9421,True
9422,False
9423,True
9424,True
9425,False
9426,True
9427,True
9428,True
9429,True
9430,False
9431,True
9432,True
9433,True
9434,True
9435,False
9436,True
9437,True
9438,True
9439,True
9440,True
9441,True
9442,True
9443,True
9444,True
9445,False
9446,True
9447,True
9448,True
9449,False
9450,True
9451,False
9452,False
9453,False
9454,False
9455,False
9456,True
9457,True
9458,False
9459,True
9460,True
9461,True
9462,True
9463,False
9464,True
9465,False
9466,False
9467,True
9468,False
9469,True
9470,True
9471,True
9472,True
9473,False
9474,True
9475,False
9476,True
9477,True
9478,False
9479,True
9480,False
9481,True
9482,True
9483,False
9484,True
9485,False
9486,True
9487,True
9488,True
9489,False
9490,True
9491,False
9492,False
9493,True
9494,True
9495,True
9496,False
9497,True
9498,False
9499,False
9500,False
9501,True
9502,True
9503,False
9504,False
9505,True
9506,False
9507,False
9508,False
9509,True
9510,True
9511,False
9512,True
9513,True
9514,True
9515,True
9516,False
9517,False
9518,False
9519,False
9520,True
9521,False
9522,True
9523,False
9524,False
9525,True
9526,True
9527,True
9528,False
9529,True
9530,False
9531,True
9532,False
9533,True
9534,True
9535,True
9536,False
9537,False
9538,False
9539,True
9540,True
9541,True
9542,True
9543,False
9544,True
9545,False
9546,True
9547,True
9548,True
9549,True
9550,True
9551,True
9552,True
9553,False
9554,True
9555,False
9556,True
9557,True
9558,False
9559,False
9560,False
9561,True
9562,False
9563,True
9564,True
9565,True
9566,True
9567,False
9568,False
9569,False
9570,True
9571,False
9572,False
9573,True
9574,False
9575,False
9576,True
9577,True
9578,False
9579,False
9580,False
9581,True
9582,True
9583,True
9584,True
9585,True
9586,False
9587,True
9588,True
9589,False
9590,False
9591,True
9592,True
9593,True
9594,False
9595,True
9596,True
9597,True
9598,True
9599,True
9600,False
9601,True
9602,True
9603,True
9604,True
9605,True
9606,False
9607,False
9608,False
9609,False
9610,False
9611,True
9612,True
9613,True
9614,False
9615,False
9616,True
9617,False
9618,True
9619,False
9620,False
9621,True
9622,False
9623,True
9624,True
9625,False
9626,True
9627,False
9628,True
9629,True
9630,False
9631,True
9632,True
9633,True
9634,True
9635,True
9636,True
9637,False
9638,True
9639,False
9640,True
9641,False
9642,True
9643,True
9644,True
9645,True
9646,True
9647,True
9648,True
9649,False
9650,False
9651,False
9652,False
9653,False
9654,True
9655,True
9656,True
9657,False
9658,True
9659,False
9660,True
9661,True
9662,False
9663,True
9664,True
9665,True
9666,False
9667,True
9668,False
9669,False
9670,False
9671,True
9672,False
9673,False
9674,True
9675,False
9676,True
9677,True
9678,True
9679,True
9680,True
9681,True
9682,True
9683,False
9684,False
9685,False
9686,True
9687,True
9688,False
9689,False
9690,False
9691,True
9692,True
9693,True
9694,True
9695,True
9696,False
9697,False
9698,True
9699,False
9700,False
9701,True
9702,True
9703,True
9704,True
9705,True
9706,True
9707,True
9708,True
9709,True
9710,False
9711,False
9712,True
9713,False
9714,True
9715,False
9716,False
9717,False
9718,False
9719,True
9720,False
9721,False
9722,False
9723,True
9724,True
9725,True
9726,False
9727,True
9728,True
9729,False
9730,False
9731,False
9732,False
9733,True
9734,False
9735,False
9736,False
9737,True
9738,True
9739,True
9740,True
9741,False
9742,True
9743,True
9744,True
9745,True
9746,True
9747,True
9748,True
9749,True
9750,False
9751,True
9752,True
9753,False
9754,False
9755,False
9756,True
9757,True
9758,True
9759,True
9760,False
9761,True
9762,True
9763,True
9764,True
9765,False
9766,False
9767,True
9768,True
9769,True
9770,False
9771,True
9772,False
9773,True
9774,True
9775,False
9776,False
9777,False
9778,False
9779,True
9780,True
9781,False
9782,False
9783,True
9784,True
9785,True
9786,False
9787,True
9788,True
9789,True
9790,False
9791,False
9792,True
9793,False
9794,True
9795,False
9796,True
9797,False
9798,False
9799,False
9800,True
9801,True
9802,False
9803,True
9804,True
9805,True
9806,False
9807,True
9808,True
9809,True
9810,False
9811,False
9812,True
9813,False
9814,True
9815,True
9816,False
9817,False
9818,True
9819,False
9820,False
9821,True
9822,True
9823,False
9824,True
9825,False
9826,True
9827,True
9828,False
9829,False
9830,False
9831,True
9832,False
9833,False
9834,False
9835,True
9836,False
9837,True
9838,True
9839,True
9840,False
9841,True
9842,False
9843,False
9844,True
9845,True
9846,True
9847,False
9848,False
9849,False
9850,False
9851,True
9852,False
9853,False
9854,False
9855,False
9856,True
9857,True
9858,True
9859,False
9860,True
9861,True
9862,False
9863,True
9864,False
9865,False
9866,False
9867,False
9868,False
9869,True
9870,True
9871,True
9872,True
9873,False
9874,True
9875,False
9876,False
9877,True
9878,False
9879,False
9880,True
9881,True
9882,False
9883,False
9884,True
9885,False
9886,True
9887,True
9888,False
9889,True
9890,True
9891,True
9892,True
9893,False
9894,True
9895,True
9896,True
9897,False
9898,False
9899,True
9900,True
9901,False
9902,False
9903,False
9904,False
9905,True
9906,True
9907,False
9908,False
9909,False
9910,False
9911,False
9912,True
9913,True
9914,False
9915,False
9916,True
9917,False
9918,True
9919,True
9920,True
9921,False
9922,True
9923,False
9924,True
9925,False
9926,False
9927,False
9928,True
9929,True
9930,False
9931,True
9932,False
9933,True
9934,False
9935,True
9936,True
9937,True
9938,False
9939,False
9940,False
9941,False
9942,False
9943,True
9944,True
9945,True
9946,True
9947,True
9948,True
9949,False
9950,True
9951,True
9952,True
9953,False
9954,False
9955,False
9956,True
9957,False
9958,True
9959,True
9960,True
9961,True
9962,True
9963,True
9964,True
9965,False
9966,False
9967,True
9968,False
9969,True
9970,True
9971,True
9972,False
9973,True
9974,True
9975,True
9976,False
9977,False
9978,True
9979,True
9980,True
9981,True
9982,True
9983,True
9984,True
9985,False
9986,True
9987,False
9988,True
9989,False
9990,False
9991,True
9992,False
9993,False
9994,True
9995,True
9996,False
9997,True
9998,True
9999,False
10000,True
10001,False
10002,True
10003,True
10004,False
10005,False
10006,False
10007,True
10008,True
10009,True
10010,True
10011,True
10012,True
10013,True
10014,False
10015,True
10016,True
10017,False
10018,True
10019,False
10020,False
10021,False
10022,True
10023,False
10024,True
10025,True
10026,False
10027,False
10028,True
10029,False
10030,False
10031,False
10032,False
10033,False
10034,False
10035,False
10036,True
10037,True
10038,True
10039,False
10040,True
10041,True
10042,False
10043,False
10044,False
10045,True
10046,True
10047,False
10048,True
10049,True
10050,True
10051,False
10052,False
10053,True
10054,True
10055,False
10056,True
10057,True
10058,True
10059,True
10060,True
10061,True
10062,False
10063,True
10064,True
10065,True
10066,False
10067,True
10068,True
10069,True
10070,False
10071,False
10072,False
10073,True
10074,True
10075,True
10076,False
10077,True
10078,True
10079,False
10080,True
10081,True
10082,True
10083,True
10084,True
10085,False
10086,True
10087,True
10088,True
10089,True
10090,True
10091,False
10092,True
10093,True
10094,True
10095,True
10096,True
10097,True
10098,True
10099,False
10100,False
10101,True
10102,True
10103,False
10104,True
10105,True
10106,True
10107,False
10108,False
10109,False
10110,False
10111,True
10112,True
10113,True
10114,True
10115,True
10116,True
10117,False
10118,True
10119,True
10120,False
10121,False
10122,True
10123,True
10124,True
10125,True
10126,True
10127,False
10128,True
10129,True
10130,False
10131,False
10132,False
10133,False
10134,False
10135,True
10136,True
10137,True
10138,False
10139,True
10140,True
10141,True
10142,False
10143,False
10144,True
10145,False
10146,False
10147,False
10148,True
10149,True
10150,True
10151,False
10152,True
10153,False
10154,True
10155,True
10156,False
10157,True
10158,True
10159,True
10160,False
10161,False
10162,False
10163,False
10164,False
10165,False
10166,True
10167,False
10168,False
10169,True
10170,True
10171,False
10172,True
10173,False
10174,True
10175,True
10176,True
10177,True
10178,True
10179,True
10180,True
10181,True
10182,True
10183,False
10184,True
10185,True
10186,True
10187,False
10188,True
10189,False
10190,False
10191,True
10192,True
10193,True
10194,False
10195,False
10196,True
10197,True
10198,True
10199,True
10200,True
10201,True
10202,True
10203,True
10204,False
10205,True
10206,False
10207,False
10208,False
10209,True
10210,True
10211,True
10212,True
10213,True
10214,True
10215,False
10216,False
10217,False
10218,True
10219,False
10220,False
10221,False
10222,True
10223,True
10224,False
10225,True
10226,True
10227,True
10228,True
10229,True
10230,True
10231,False
10232,True
10233,True
10234,False
10235,True
10236,False
10237,True
10238,True
10239,True
10240,False
10241,False
10242,True
10243,True
10244,False
10245,True
10246,True
10247,True
10248,False
10249,True
10250,True
10251,False
10252,True
10253,True
10254,False
10255,True
10256,False
10257,True
10258,True
10259,True
10260,False
10261,False
10262,False
10263,False
10264,False
10265,False
10266,False
10267,True
10268,True
10269,True
10270,False
10271,True
10272,False
10273,True
10274,False
10275,False
10276,True
10277,True
10278,False
10279,False
10280,False
10281,False
10282,True
10283,True
10284,False
10285,False
10286,True
10287,True
10288,False
10289,True
10290,True
10291,False
10292,True
10293,False
10294,True
10295,True
10296,True
10297,True
10298,False
10299,True
10300,True
10301,False
10302,True
10303,True
10304,False
10305,True
10306,False
10307,False
10308,True
10309,True
10310,True
10311,True
10312,False
10313,False
10314,False
10315,False
10316,True
10317,True
10318,True
10319,True
10320,True
10321,False
10322,True
10323,True
10324,True
10325,True
10326,True
10327,True
10328,True
10329,False
10330,True
10331,True
10332,False
10333,True
10334,True
10335,True
10336,False
10337,False
10338,False
10339,True
10340,False
10341,False
10342,True
10343,True
10344,True
10345,False
10346,True
10347,True
10348,True
10349,True
10350,True
10351,False
10352,False
10353,True
10354,True
10355,True
10356,False
10357,False
10358,False
10359,True
10360,True
10361,True
10362,True
10363,True
10364,False
10365,True
10366,False
10367,True
10368,True
10369,True
10370,True
10371,False
10372,True
10373,False
10374,False
10375,True
10376,False
10377,True
10378,False
10379,True
10380,True
10381,False
10382,True
10383,True
10384,False
10385,True
10386,False
10387,True
10388,False
10389,False
10390,False
10391,True
10392,False
10393,True
10394,True
10395,False
10396,False
10397,False
10398,False
10399,False
10400,False
10401,False
10402,False
10403,True
10404,True
10405,True
10406,False
10407,True
10408,True
10409,True
10410,False
10411,False
10412,True
10413,False
10414,True
10415,True
10416,True
10417,False
10418,False
10419,False
10420,False
10421,True
10422,False
10423,False
10424,True
10425,False
10426,False
10427,False
10428,True
10429,True
10430,False
10431,False
10432,True
10433,False
10434,True
10435,False
10436,True
10437,True
10438,False
10439,True
10440,False
10441,True
10442,False
10443,True
10444,True
10445,True
10446,True
10447,False
10448,True
10449,True
10450,True
10451,False
10452,False
10453,True
10454,False
10455,True
10456,True
10457,True
10458,False
10459,False
10460,True
10461,True
10462,True
10463,True
10464,False
10465,True
10466,True
10467,True
10468,True
10469,True
10470,True
10471,False
10472,False
10473,False
10474,True
10475,False
10476,True
10477,True
10478,True
10479,False
10480,False
10481,True
10482,True
10483,False
10484,False
10485,False
10486,False
10487,False
10488,True
10489,False
10490,True
10491,True
10492,True
10493,True
10494,True
10495,False
10496,True
10497,False
10498,True
10499,False
10500,False
10501,True
10502,False
10503,False
10504,True
10505,True
10506,True
10507,False
10508,True
10509,False
10510,True
10511,False
10512,True
10513,True
10514,True
10515,True
10516,False
10517,False
10518,False
10519,True
10520,True
10521,True
10522,False
10523,True
10524,True
10525,False
10526,True
10527,False
10528,False
10529,True
10530,False
10531,True
10532,False
10533,True
10534,False
10535,True
10536,True
10537,True
10538,False
10539,False
10540,False
10541,True
10542,True
10543,True
10544,False
10545,False
10546,True
10547,False
10548,False
10549,False
10550,True
10551,True
10552,True
10553,True
10554,False
10555,True
10556,True
10557,True
10558,False
10559,True
10560,False
10561,True
10562,True
10563,False
10564,True
10565,True
10566,True
10567,True
10568,True
10569,False
10570,False
10571,False
10572,True
10573,True
10574,False
10575,True
10576,True
10577,True
10578,False
10579,False
10580,False
10581,True
10582,True
10583,True
10584,True
10585,True
10586,False
10587,False
10588,False
10589,True
10590,True
10591,True
10592,True
10593,True
10594,True
10595,True
10596,False
10597,True
10598,True
10599,True
10600,True
10601,True
10602,False
10603,False
10604,True
10605,True
10606,False
10607,True
10608,False
10609,False
10610,False
10611,False
10612,True
10613,True
10614,True
10615,False
10616,False
10617,False
10618,False
10619,False
10620,True
10621,True
10622,True
10623,False
10624,True
10625,False
10626,True
10627,True
10628,False
10629,True
10630,True
10631,True
10632,True
10633,False
10634,True
10635,False
10636,False
10637,True
10638,True
10639,True
10640,True
10641,True
10642,True
10643,True
10644,True
10645,True
10646,False
10647,True
10648,True
10649,False
10650,False
10651,True
10652,False
10653,True
10654,False
10655,True
10656,True
10657,True
10658,True
10659,True
10660,False
10661,False
10662,True
10663,True
10664,True
10665,True
10666,False
10667,True
10668,True
10669,True
10670,False
10671,False
10672,True
10673,True
10674,False
10675,True
10676,True
10677,True
10678,True
10679,False
10680,False
10681,True
10682,True
10683,True
10684,False
10685,True
10686,True
10687,False
10688,True
10689,True
10690,True
10691,False
10692,False
10693,False
10694,False
10695,True
10696,True
10697,True
10698,True
10699,True
10700,True
10701,False
10702,False
10703,False
10704,False
10705,False
10706,False
10707,True
10708,False
10709,True
10710,True
10711,True
10712,False
10713,False
10714,False
10715,False
10716,False
10717,False
10718,True
10719,True
10720,True
10721,False
10722,True
10723,True
10724,True
10725,True
10726,True
10727,True
10728,False
10729,True
10730,True
10731,False
10732,True
10733,True
10734,True
10735,True
10736,True
10737,False
10738,True
10739,True
10740,True
10741,True
10742,True
10743,False
10744,False
10745,False
10746,False
10747,False
10748,False
10749,True
10750,True
10751,True
10752,True
10753,True
10754,True
10755,False
10756,True
10757,True
10758,False
10759,True
10760,True
10761,True
10762,True
10763,False
10764,False
10765,False
10766,True
10767,True
10768,False
10769,False
10770,False
10771,True
10772,True
10773,False
10774,True
10775,False
10776,True
10777,False
10778,False
10779,True
10780,False
10781,True
10782,True
10783,True
10784,True
10785,True
10786,True
10787,False
10788,True
10789,False
10790,False
10791,True
10792,False
10793,False
10794,True
10795,False
10796,True
10797,False
10798,False
10799,True
10800,False
10801,True
10802,True
10803,False
10804,False
10805,True
10806,True
10807,True
10808,False
10809,True
10810,True
10811,False
10812,True
10813,False
10814,True
10815,True
10816,True
10817,False
10818,True
10819,True
10820,True
10821,True
10822,False
10823,True
10824,True
10825,False
10826,True
10827,False
10828,True
